{"cameraMode":{"drawMode":0,"name":"Shaded","section":"Shading Mode"},"sceneLighting":false,"audioPlay":false,"sceneViewState":{"m_AlwaysRefresh":false,"showFog":true,"showSkybox":true,"showFlares":true,"showImageEffects":true,"showParticleSystems":true,"showVisualEffectGraphs":true,"m_FxEnabled":true},"in2DMode":false,"pivot":{"x":6.0767107009887699,"y":2.208116054534912,"z":5.882538795471191},"rotation":{"x":-0.1638377457857132,"y":0.09218696504831314,"z":-0.015379664488136769,"w":-0.9820526838302612},"size":13.855202674865723,"orthographic":false}